Country,change_median,change_low,change_high,DALYs_prevented_median,DALYs_prevented_low,DALYs_prevented_high
Afghanistan,0,0,0.33886450455412165,0,0,-30671.05291850567
Albania,0.24057659796777486,0.10280198907487345,0.46697646362589984,-769.4694886762493,-268.9675483227867,-1640.819471394305
Algeria,0.2983684256210255,0.12432349228657531,0.5004967372507887,-32650.475158446425,-9798.145771406545,-74452.18693587434
Andorra,0.23689144629977238,0.09062510131170623,0.4384426594512261,-4.636475997517948,-1.4766252088603036,-12.877396743238501
Angola,0,0,0.42762380029890545,0,0,-57860.712921349266
Antigua & Barbuda,0.23841964903733992,0.09418639160342532,0.4351511382162753,-49.132189074804316,-17.808930757099045,-129.80790956004734
Argentina,0.26526697767899704,0,0.47715641460820213,-9789.104949779381,0,-35619.89582661759
Armenia,0.28046219999487837,0.10438548714486173,0.4704967554425906,-1209.9704953022601,-359.5513832815179,-2794.31983936243
Australia,0.23099071963373735,0.09371380161142238,0.42918841188594176,-1991.9747900032226,-674.5450486961137,-5274.9809421534
Austria,0.23624790751933394,0.0936833087148889,0.46093921881005356,-458.6115019609257,-127.29983329730575,-1188.226399420064
Azerbaijan,0.24434672802710772,0.0975933257040721,0.4412888523770207,-7151.14887503343,-2368.936750832908,-17485.4869756364
Bahamas,0.24270049553916928,0.09153843608434258,0.4537878715863406,-245.96740020756124,-85.98897197646716,-601.053033838546
Bahrain,0.23922810739542957,0,0.43955193731468095,-737.6557490627188,0,-1851.5821833948319
Bangladesh,0,0,0.10889807839600844,0,0,-58852.88613219511
Barbados,0.24416401596682064,0.1010912632628392,0.45792246421796506,-156.8758370540452,-55.736067233807105,-391.1798340810422
Belarus,0.2385463896035781,0.09577107375577358,0.43518766483293736,-2844.3213576857343,-1023.243542666365,-6576.618341657725
Belgium,0.23811875503209556,0.09807429536598128,0.4407670708800844,-744.972902169806,-254.85093942767406,-1732.8806816189835
Belize,0.2818450301227807,0.09796884415195212,0.4433267615065581,-435.40944272935224,-111.66327409115196,-909.0840366629537
Benin,0,0,0.3660762451042377,0,0,-28230.57033598793
Bhutan,0.19929917516890927,0,0.446169451506059,-709.9103862105005,0,-1846.734345763574
Bolivia,0.23720536768248027,0,0.461044941035464,-5553.102749048116,0,-13489.171767793387
Bosnia & Herzegovina,0.2730915154887511,0.10311875368114178,0.49342080634174573,-1151.9565370402993,-314.4852198651591,-2966.249685142914
Botswana,0.2878442321789425,0,0.5049266751399585,-1760.8555814396364,0,-4592.233303911981
Brazil,0.37553006054979415,0.21248923976752188,0.5541660800258588,-221948.31485166398,-101677.210058045,-418832.83554000215
Brunei,0,0,0.43955324935831536,0,0,-167.14981558886262
Bulgaria,0.3024851040419705,0.11637477982161624,0.5065279502349596,-2926.7100966820426,-871.7826184708256,-6514.948550706835
Burkina Faso,0,0,0.04736247097150936,0,0,-6643.197664177224
Burundi,0,0,0,0,0,0
Cambodia,0.02089425671657482,0,0.26403420184092635,-1161.8051763750373,0,-16757.35358726031
Cameroon,0,0,0.21689373265152562,0,0,-27246.20926429018
Canada,0.23593177074129984,0.07791709392861995,0.4339541109160582,-3639.4590423129957,-748.8467554065313,-11056.048925790798
Cape Verde,0.24467306352956059,0,0.46096868010055453,-420.91642219506286,0,-1054.2447068208037
Central African Republic,0,0,0,0,0,0
Chad,0,0,0,0,0,0
Chile,0.20787044402549631,0,0.3889924413108841,-1173.166208667705,0,-3542.0069870252323
China,0.24865758078726,0,0.4606954016461522,-316352.6827810597,0,-700003.258248502
Colombia,0,0,0.26589716537810204,0,0,-11575.401627931737
Comoros,0,0,0.32235769061902475,0,0,-802.4323653977495
Congo - Brazzaville,0.1611755907044674,0,0.3858807215765069,-3815.7161451968395,0,-9364.95840082973
Congo - Kinshasa,0,0,0,0,0,0
Costa Rica,0.16225060406299274,0,0.3825218894784893,-523.021524783456,0,-2083.1883890443837
Croatia,0.23452464719194638,0.09220669408686911,0.43460162028252924,-962.8084639625908,-368.88622943347224,-2486.0705908229374
Cuba,0.3590370168306337,0.18179700998835766,0.5416309906040649,-7665.306360994656,-2424.770662718454,-14138.720170066375
Cyprus,0.23346006548166548,0.09212328696637385,0.43395728537528494,-90.37416608139185,-21.473772538963306,-242.68586296534116
Czechia,0.23606172078452697,0.09369978508398331,0.4609686801005546,-2497.3414087162173,-813.0550799240482,-5925.6082826585925
Côte d’Ivoire,0.036594688113047336,0,0.3477724484967747,-4505.035521495374,0,-49040.960479522066
Denmark,0.22904295572650318,0.09742511371606392,0.43447451657730995,-312.5604874013008,-100.06115214243708,-806.3512616517819
Djibouti,0,0,0.40893015635261376,0,0,-1552.5659784438794
Dominica,0.2950573331941425,0.11618751787537987,0.5205967308472891,-53.4307287809475,-16.54663515075262,-117.88721652114826
Dominican Republic,0.23200659499982257,0.053075959802949324,0.34145549612928777,-7127.712991635823,-1145.0207046051844,-14064.523868989118
Ecuador,0,0,0.40880193105646395,0,0,-5581.918668081531
Egypt,0.16403755523622182,0,0.34172240533287607,-24039.088308912935,0,-58690.83399587505
El Salvador,0.012464591843651743,0,0.42760017965603847,-48.472874040573515,0,-1967.6437134244197
Equatorial Guinea,0.2004824264575905,0,0.4408347806087195,-1042.302637276537,0,-2912.0675492873797
Estonia,0.24881443276787452,0.10301692043068106,0.46709866736094596,-358.3034709659208,-116.99987650618533,-866.733047915419
Eswatini,0.1907638663086743,0,0.4131550887467914,-531.0228541935317,0,-1561.2275348965761
Ethiopia,0,0,0,0,0,0
Fiji,0.24564414321363254,0,0.4608251906606672,-601.5613204444248,0,-1576.477161504535
Finland,0.23113950074658102,0.09202529682234313,0.42772654835970114,-297.4725869168339,-77.60873293196505,-755.0934069750125
France,0.23504750966291454,0.09514034212075465,0.4416163272244727,-4360.207664319794,-1488.274190870921,-10360.158591029167
Gabon,0.30951671144255405,0.11945997147815228,0.5154608469489281,-3462.516450778368,-1104.1355049121485,-7152.193074686345
Gambia,0,0,0,0,0,0
Georgia,0.26597788280231005,0.1107214517838852,0.466022268951375,-1660.9988880656642,-548.2259964050845,-3917.962275403252
Germany,0.24789907159870272,0.09430981020874075,0.46568396581053895,-7919.319279870074,-1283.6673673001837,-24673.720571968326
Ghana,0.03846766798498476,0,0.3465091252674241,-7739.58512098089,0,-75905.38494091849
Greece,0.23214007490252242,0.09532453358647766,0.4341117110302491,-743.4716563153102,-189.3793889628273,-1917.7045940606733
Grenada,0.30408018774547757,0.12012646939718369,0.5076149517906992,-86.35911998666255,-28.07230941365076,-194.08033913411234
Guatemala,0.18604321042246127,0.010473571509270705,0.3085971367494293,-10744.04805651991,-529.1789404367587,-23277.314551134445
Guinea,0,0,0.17754367893956766,0,0,-11475.282691987759
Guinea-Bissau,0,0,0.17926686681448675,0,0,-2218.2620072289337
Guyana,0.2457712611011056,0.1329523469200593,0.353505260487435,-609.6215178899823,-260.6372201538168,-1143.7723250490264
Haiti,0,0,0.3439756403524518,0,0,-28357.28613924395
Honduras,0.026492345438978368,0,0.09125038175610081,-309.2064586072793,0,-1347.4763732980318
Hungary,0.23453888164830314,0.09083294218158089,0.44132961159818723,-2547.752754753979,-808.8869001148684,-6494.289970787153
Iceland,0.23308920574464165,0.09613911542362417,0.4412625935706173,-17.403312125865817,-5.505350844365156,-48.658125109083926
India,0.0820229113744787,0,0.29705780488787437,-556554.3155849646,0,-2318703.683120097
Indonesia,0,0,0.1096160156251941,0,0,-54719.52145501455
Iran,0.2283562840886622,0.09614859531984675,0.44155779686895874,-43129.46682309385,-14866.217875148839,-104507.35531841542
Iraq,0.25071189310898684,0.089965698765141,0.4429076467816019,-24121.312482643356,-7112.328269096877,-56556.974633114565
Ireland,0.23170412747215716,0.09449641258942916,0.43440384171097945,-270.0640272734372,-67.35856039436983,-698.4953722207177
Israel,0.23010980372446574,0.08649709498493774,0.44138240674653123,-609.9375562951482,-153.91523874444326,-1619.969727246787
Italy,0.23283133596111405,0.09583427691615971,0.4162546567552595,-3448.91879677464,-1028.4320286881318,-8026.375840666036
Jamaica,0.28975647195419585,0.11472505585569764,0.4881278721289186,-2343.549345660956,-721.4128293103989,-5323.281415471254
Japan,0.23167077132356595,0.07647246849354422,0.4332591993468213,-11480.6478131891,-2639.4714714124634,-29544.235662054063
Jordan,0.23512128524844084,0.09471760614565311,0.435549885987326,-7974.817750964352,-2923.2628082797332,-18352.488193844747
Kazakhstan,0.25889494265517227,0.10600974837490035,0.49070098381065064,-14575.52565248755,-4573.266680387093,-37839.28888209111
Kenya,0,0,0.26372827870227233,0,0,-32177.425866914535
Kiribati,0.31494162581901375,0.024303203039582,0.5235635079398872,-151.26257051606248,-8.243532026040622,-304.0411231411242
Kuwait,0.23227604447197808,0.0925362287045111,0.46096868010055453,-2440.7920849428283,-768.893745733865,-6452.347067649118
Kyrgyzstan,0.2338499362586306,0,0.42918841188594176,-4480.692853891407,0,-9619.679385192117
Laos,0,0,0.05742381573044939,0,0,-1401.99858052991
Latvia,0.23674479628493877,0.09542821616776784,0.43519772183373606,-518.2481967142395,-181.46133151396168,-1222.8264046343756
Lebanon,0.22979746327609807,0.0888600134657462,0.4350028496420648,-2657.753733390097,-947.0985548765127,-6003.25049891107
Lesotho,0,0,0.3664317821938199,0,0,-2408.5576547292258
Liberia,0.1689014595524514,0,0.3903349055627172,-8786.260029387624,0,-28211.411242599857
Libya,0.26760495749273383,0.11147789800145591,0.4746576238333908,-4804.3737227610845,-1601.018214453536,-11609.269644555461
Lithuania,0.2343064591106757,0.09604446139085834,0.43395220988818106,-775.7852918867745,-274.14998491539336,-1839.7962939133884
Luxembourg,0.23503622961272552,0.0966582642920082,0.433957285375285,-35.48647847827589,-9.447779605701477,-90.0823772359326
Madagascar,0,0,0,0,0,0
Malawi,0,0,0,0,0,0
Malaysia,0.29752662949137876,0.10888103497623537,0.5136929751185094,-32916.79894272395,-6675.606084113527,-79165.44169686598
Maldives,0.37143252025807627,0.23322015574930474,0.5503948578151355,-888.0677755100673,-457.68670324047224,-1572.7172092254782
Mali,0,0,0.16135329470487977,0,0,-21335.815869352715
Malta,0.22906084384136818,0.0938745880949931,0.4356876310860161,-27.22406253687232,-7.245188124299528,-71.69930575438008
Marshall Islands,0.3256548638966872,0.12349935683923047,0.5150562015844555,-62.458528559554466,-18.19029378663474,-127.73623935612828
Mauritania,0.12408991042236356,0,0.29891165532590475,-1930.7843726811752,0,-5431.020548381652
Mauritius,0.293819918803794,0.11436780572283155,0.510899434172714,-837.0868080862854,-253.52879768517872,-1910.4602427313976
Mexico,0,0,0.21038342050501363,0,0,-22918.367130784995
Micronesia (Federated States of),0.3218059861122943,0.11557001970561202,0.5065848487402423,-103.1409710242143,-23.313241524110133,-213.09732911382574
Moldova,0.22588246381340316,0,0.4342829951479793,-1312.558454491857,0,-3096.8024009088326
Monaco,0.260129536958823,0.10345267383594159,0.4928033284325379,-1.4256606695906249,-0.36503731160025527,-3.941782839600096
Mongolia,0.2880715988015473,0.1229852316675358,0.4882619628602631,-3349.565563547211,-1114.4870916172924,-7532.249708714042
Montenegro,0.2574520195205301,0.09988993398373724,0.48708463040612754,-196.00920010449337,-59.374489293077204,-512.6003175621832
Morocco,0.24767744797061006,0.10301808082888678,0.46383904023024747,-23308.895801673294,-7735.112056952593,-51217.42002493268
Mozambique,0.03974845504419547,0,0.2969560208702834,-12188.8885555671,0,-104691.98281273292
Myanmar (Burma),0,0,0.3026030486754165,0,0,-81187.66485883584
Namibia,0.038142324292999165,0,0.45403868232304423,-174.9514543791306,0,-2385.8251982957063
Nauru,0.24522848771669953,0.09534153034774355,0.4675964364690712,-7.558823241116983,-2.5890935025147983,-20.029542209819553
Nepal,0,0,0.1482204803436018,0,0,-19614.076918797862
Netherlands,0.23984939834388347,0.09680538003128969,0.4402501416769345,-845.5360473834107,-231.24837693048863,-2277.145407362325
New Zealand,0.23217672609816464,0.09377432285960507,0.4609686801005546,-437.9062903596272,-157.75847100757508,-1132.485129717298
Nicaragua,0,0,0.41846614656597686,0,0,-4480.361586441969
Niger,0,0,0,0,0,0
Nigeria,0,0,0.21425464735502017,0,0,-262958.58859068435
North Macedonia,0.25949240101840937,0.10207016017436826,0.4736423033850028,-829.3848056158442,-272.79113003545854,-2172.889060175017
Norway,0.2333668282110622,0.0958956765939464,0.43297013747096197,-281.69199248709526,-89.10752958327748,-679.9388808980211
Oman,0.21320574050625413,0,0.4176756723178224,-1384.2116719597,0,-3347.734199172897
Pakistan,0.0743290666798306,0,0.1430232782885313,-82295.12001323292,0,-215287.1979642266
Palau,0.29004723510626623,0.10954425177039774,0.48810029981998004,-11.264262030949816,-3.1594093087900963,-25.11031746208125
Panama,0.18476315455829506,0,0.39619701445762107,-715.9757147514686,0,-1966.3848945556388
Papua New Guinea,0,0,0.41556491438798476,0,0,-18829.774140821562
Paraguay,0.18428898607905025,0,0.34215856856990323,-2824.7938314075172,0,-6843.558309023083
Peru,0.018158795084235083,0,0.2780371373185348,-963.5901870693779,0,-14143.865340289876
Philippines,0.08521930752616315,0,0.29952603278012646,-25127.38446892699,0,-127063.22667533958
Poland,0.2317949126836099,0.093755930002153,0.4416816712593901,-10445.335794437373,-3414.5668314079735,-24104.634818789364
Portugal,0.22979259330767043,0,0.4332870457776799,-693.4459121078551,0,-1719.481620658752
Puerto Rico,0.21588573690169066,0.0798395700165843,0.4297736459295462,-1013.8171668984849,-344.4447771164409,-2490.596671219158
Qatar,0.22979002954503536,0,0.42913849016593136,-759.4975904209246,0,-1679.9600379747937
Romania,0.18974007017123706,0.07134328245157003,0.35781537678644515,-4079.8671979036317,-1551.39658790279,-9865.742880323947
Russia,0.2408546668486034,0.10093766119046065,0.43934184541157134,-48996.533070001555,-16468.30819490805,-122216.70281840664
Rwanda,0,0,0,0,0,0
Samoa,0.28138951089990627,0.028949762556417673,0.5011105482189091,-150.53360355396515,-12.420535298246909,-344.59548609909933
San Marino,0.23143012244777283,0.09059554579148425,0.42923344394750823,-1.9428097294731401,-0.5203730092029836,-4.671429922891792
Saudi Arabia,0.24665503836752278,0.10171225925912605,0.4610489459782439,-19754.162365719425,-6440.281803495829,-50790.30177088924
Senegal,0.0495437986869625,0,0.352375139902395,-4484.642671187881,0,-39599.73665171381
Serbia,0.20545824852372516,0.0808438180153151,0.4361420276927383,-2150.0870408186065,-767.2107447165569,-6787.859470744616
Seychelles,0.23562886095731622,0.0943289174989739,0.4610489459782439,-51.96494528144281,-16.666644898794527,-114.9033390529869
Sierra Leone,0,0,0,0,0,0
Singapore,0.23539530247029644,0.0846734642908775,0.4333354623544228,-968.442023624512,-172.31886081305672,-2891.3738587468015
Slovakia,0.23461807059189438,0.09529055097177475,0.4444938952749,-1527.116234719535,-527.0614467690857,-4141.014454583829
Slovenia,0.28029411827717043,0.10985476105118341,0.4928191622725749,-478.6192728402832,-135.41139425502539,-1127.7576582239944
Solomon Islands,0.14327231547196068,0,0.37447941851913746,-315.0902619845034,0,-1118.9282902434109
Somalia,0,0,0,0,0,0
South Africa,0.29912875245879067,0.019100541758915554,0.48720889907342424,-52153.29058199366,-2723.0306666055267,-103904.30989683946
South Korea,0.230961237422851,0,0.43410396335580775,-4072.067153285965,0,-11769.111666045725
South Sudan,0,0,0.30874377668811176,0,0,-11617.896238364794
Spain,0.2287602864247241,0.08851781073161766,0.433957285375285,-2452.041276262812,-783.214691897481,-6615.947051422789
Sri Lanka,0.09913628096350854,0,0.24936959568932943,-6085.575209025719,0,-18637.83116260824
St. Kitts & Nevis,0.2639601507997966,0.10407867376480574,0.4888984990703568,-38.33494505035575,-13.001944921781472,-100.45546893872181
St. Lucia,0.31808305415860005,0.11575844957579123,0.5142946985555122,-166.1232161780143,-42.851118462393785,-354.5529960556144
St. Vincent & Grenadines,0.2708620188408555,0.09978655471441572,0.48535915218981773,-87.81687983690142,-26.9833060672183,-218.46027858055186
Sudan,0.2004980833666506,0.07625595153946865,0.37589230149334907,-27996.22987692678,-9961.39111885574,-68247.34454383381
Suriname,0.3555168598045694,0.17842496680124165,0.5359875573504657,-630.1999032657073,-220.73051250192256,-1253.6383994178593
Sweden,0.236561329896945,0.09223187339489876,0.43564051285695365,-513.5944600582492,-155.20592324627322,-1367.7718906886628
Switzerland,0.23583417197627643,0.08987003800411607,0.45029231802285524,-967.5620327828283,-182.44916172565487,-2912.403336589767
Syria,0.17154046597108139,0,0.3798288086561479,-6868.086248970343,0,-17428.565642921993
São Tomé & Príncipe,0.2446202323539189,0,0.45010897971343544,-178.34145441417078,0,-383.9750897082334
Tajikistan,0.23485862896180995,0,0.435197721833736,-7420.1761897437245,0,-16514.6049751067
Tanzania,0,0,0.10408671035905305,0,0,-30115.496775491218
Thailand,0.23455037061912054,0,0.48578668665269664,-34123.10468937903,0,-93403.79288570496
Timor-Leste,0,0,0.29776101770325475,0,0,-781.2984235362131
Togo,0,0,0.1366859824311625,0,0,-7516.809315814548
Tonga,0.24031212762673348,0.10345267383594156,0.43354855609679205,-59.79816284294081,-21.31287766199945,-136.23445058192561
Trinidad & Tobago,0.24585067697054502,0.09877543890214023,0.46089004368274183,-763.7508625145726,-258.0494210009046,-2103.711482636874
Tunisia,0.2521295653839829,0.10193824292783406,0.46718945747781243,-6414.215174038314,-2120.884505453569,-16741.11416612552
Turkey,0.27796096808728604,0.11221598802760621,0.47284243248369967,-45576.809768103754,-16115.850809067557,-115442.81785826593
Turkmenistan,0.3789057661688025,0.23262161559666672,0.5544734707542557,-5370.833569700858,-2438.6448210925723,-10690.831536672864
Tuvalu,0.2791450922336145,0.10611144159569853,0.4662088278634443,-9.288878777548238,-3.528124361668332,-22.13235585261967
Uganda,0,0,0,0,0,0
Ukraine,0.21576603078332485,0.0888261678380527,0.42421187644199365,-16316.086916927208,-5182.139359092647,-39015.78940853686
United Arab Emirates,0.2573369453449489,0.09182748137093591,0.4753910874877239,-3943.9021655925526,-1136.4358552280744,-10867.226158179717
United Kingdom,0.23678710551369747,0.09773752412283981,0.433957285375285,-4528.477244854674,-1466.876516732198,-11064.13597175229
United States,0.2549668355860982,0.0999402565066213,0.45095265704428605,-45314.0797684828,-15290.625024274226,-117517.6554343163
Uruguay,0.16474529351503045,0,0.3334216286876668,-312.52421495526465,0,-1062.9993463877377
Uzbekistan,0.24322889255336316,0.09970403410900537,0.44982535764552867,-44869.88175938651,-14433.937355693894,-109063.34815480837
Vanuatu,0.1731574993595918,0,0.4303440267214102,-195.17081005825935,0,-540.4015740755277
Venezuela,0.2450138818381294,0,0.4906597634356789,-6656.210312005582,0,-20259.290178958283
Vietnam,0.0960007504923393,0,0.343712885913279,-22399.644907064212,0,-105956.7840920715
Yemen,0.21718840476157442,0,0.44419252680923654,-58152.332386694645,0,-132315.98588580225
Zambia,0.03141416687123863,0,0.17829371727799834,-2084.4027285430748,0,-13995.8961150031
Zimbabwe,0.02830194797874754,0,0.18244229561989686,-1444.1738820819264,0,-10348.010004787866
